{
  "auc": 0.9339310112746187,
  "brier": 0.0873306233421539,
  "logloss": 0.29651084362866625
}