{
  "auc": 0.9384699855503433,
  "brier": 0.08428839475749804,
  "logloss": 0.28833331663398065
}