{
  "auc": 0.9123933415167211,
  "brier": 0.09415081661822898,
  "logloss": 0.31465392915653
}