{
  "auc": 0.9139887278823987,
  "brier": 0.09383245746345213,
  "logloss": 0.3144865325993351
}