{
  "auc": 0.9080697435288716,
  "brier": 0.012066696819674162,
  "logloss": 0.05455796208915564
}