{
  "auc": 0.9020857837448918,
  "brier": 0.012466884906832827,
  "logloss": 0.05782795337275256
}