{
  "auc": 0.8815872160351467,
  "brier": 0.012303456457221229,
  "logloss": 0.059329922931332796
}